{
    "policeman": {
        "Version": "1.10.1822.1",
        "Scene": {
            "Name": true,
            "SupportShaderSelect": true
        },
        "Export Directory": "D:/Blender/Policeman/autorig",
        "Object": {
            "policeman": {
                "Generation": "AccuRig",
                "Physics": {},
                "Meshes": {
                    "Cube_004": {
                        "Materials": {
                            "Material_002_Pbr": {
                                "Material Type": "Pbr",
                                "MultiUV Index": 0,
                                "Two Side": true,
                                "Diffuse Color": [
                                    18.348526000976564,
                                    9.25522518157959,
                                    205.09751892089845
                                ],
                                "Ambient Color": [
                                    12.973380088806153,
                                    12.973380088806153,
                                    12.973380088806153
                                ],
                                "Specular Color": [
                                    18.348526000976564,
                                    9.25522518157959,
                                    205.09751892089845
                                ],
                                "Opacity": 1.0,
                                "Self Illumination": 0.0,
                                "Textures": {}
                            }
                        }
                    },
                    "Cube_012": {
                        "Materials": {
                            "Material_001_Pbr": {
                                "Material Type": "Pbr",
                                "MultiUV Index": 0,
                                "Two Side": true,
                                "Diffuse Color": [
                                    31.97292137145996,
                                    31.97292137145996,
                                    31.97292137145996
                                ],
                                "Ambient Color": [
                                    12.973380088806153,
                                    12.973380088806153,
                                    12.973380088806153
                                ],
                                "Specular Color": [
                                    31.97292137145996,
                                    31.97292137145996,
                                    31.97292137145996
                                ],
                                "Opacity": 1.0,
                                "Self Illumination": 0.0,
                                "Textures": {}
                            }
                        }
                    },
                    "Cube_013": {
                        "Materials": {
                            "Material_001_Pbr": {
                                "Material Type": "Pbr",
                                "MultiUV Index": 0,
                                "Two Side": true,
                                "Diffuse Color": [
                                    31.97292137145996,
                                    31.97292137145996,
                                    31.97292137145996
                                ],
                                "Ambient Color": [
                                    12.973380088806153,
                                    12.973380088806153,
                                    12.973380088806153
                                ],
                                "Specular Color": [
                                    31.97292137145996,
                                    31.97292137145996,
                                    31.97292137145996
                                ],
                                "Opacity": 1.0,
                                "Self Illumination": 0.0,
                                "Textures": {}
                            }
                        }
                    },
                    "Cube_014": {
                        "Materials": {
                            "Material_004_Pbr": {
                                "Material Type": "Pbr",
                                "MultiUV Index": 0,
                                "Two Side": true,
                                "Diffuse Color": [
                                    5.227499961853027,
                                    5.227499961853027,
                                    5.227499961853027
                                ],
                                "Ambient Color": [
                                    12.973380088806153,
                                    12.973380088806153,
                                    12.973380088806153
                                ],
                                "Specular Color": [
                                    5.227499961853027,
                                    5.227499961853027,
                                    5.227499961853027
                                ],
                                "Opacity": 1.0,
                                "Self Illumination": 0.0,
                                "Textures": {}
                            }
                        }
                    },
                    "Mesh": {
                        "Materials": {
                            "Skin_Pbr": {
                                "Material Type": "Pbr",
                                "MultiUV Index": 0,
                                "Two Side": true,
                                "Diffuse Color": [
                                    204.3113555908203,
                                    107.38916778564453,
                                    60.20499038696289
                                ],
                                "Ambient Color": [
                                    12.973380088806153,
                                    12.973380088806153,
                                    12.973380088806153
                                ],
                                "Specular Color": [
                                    204.3113555908203,
                                    107.38916778564453,
                                    60.20499038696289
                                ],
                                "Opacity": 1.0,
                                "Self Illumination": 0.0,
                                "Textures": {}
                            }
                        }
                    },
                    "Mesh_001": {
                        "Materials": {
                            "Skin_Pbr": {
                                "Material Type": "Pbr",
                                "MultiUV Index": 0,
                                "Two Side": true,
                                "Diffuse Color": [
                                    204.3113555908203,
                                    107.38916778564453,
                                    60.20499038696289
                                ],
                                "Ambient Color": [
                                    12.973380088806153,
                                    12.973380088806153,
                                    12.973380088806153
                                ],
                                "Specular Color": [
                                    204.3113555908203,
                                    107.38916778564453,
                                    60.20499038696289
                                ],
                                "Opacity": 1.0,
                                "Self Illumination": 0.0,
                                "Textures": {}
                            }
                        }
                    },