{
    "cat_chargame": {
        "Version": "1.10.1822.1",
        "Scene": {
            "Name": true,
            "SupportShaderSelect": true
        },
        "Export Directory": "D:/Blender/autorig",
        "Object": {
            "cat_chargame": {
                "Generation": "AccuRig",
                "Physics": {},
                "Meshes": {
                    "Cube_010": {
                        "Materials": {
                            "oyen_Pbr": {
                                "Material Type": "Pbr",
                                "MultiUV Index": 0,
                                "Two Side": true,
                                "Diffuse Color": [
                                    205.09573364257813,
                                    102.43656158447266,
                                    15.62767505645752
                                ],
                                "Ambient Color": [
                                    12.973380088806153,
                                    12.973380088806153,
                                    12.973380088806153
                                ],
                                "Specular Color": [
                                    205.09573364257813,
                                    102.43656158447266,
                                    15.62767505645752
                                ],
                                "Opacity": 1.0,
                                "Self Illumination": 0.0,
                                "Textures": {}
                            }
                        }
                    },
                    "Mesh": {
                        "Materials": {
                            "oyen_Pbr": {
                                "Material Type": "Pbr",
                                "MultiUV Index": 0,
                                "Two Side": true,
                                "Diffuse Color": [
                                    205.09573364257813,
                                    102.43656158447266,
                                    15.62767505645752
                                ],
                                "Ambient Color": [
                                    12.973380088806153,
                                    12.973380088806153,
                                    12.973380088806153
                                ],
                                "Specular Color": [
                                    205.09573364257813,
                                    102.43656158447266,
                                    15.62767505645752
                                ],
                                "Opacity": 1.0,
                                "Self Illumination": 0.0,
                                "Textures": {}
                            }
                        }
                    },
                    "Mesh_001": {
                        "Materials": {
                            "Material_Pbr": {
                                "Material Type": "Pbr",
                                "MultiUV Index": 0,
                                "Two Side": true,
                                "Diffuse Color": [
                                    204.1060791015625,
                                    187.57672119140626,
                                    79.92745971679688
                                ],
                                "Ambient Color": [
                                    12.973380088806153,
                                    12.973380088806153,
                                    12.973380088806153
                                ],
                                "Specular Color": [
                                    204.1060791015625,
                                    187.57672119140626,
                                    79.92745971679688
                                ],
                                "Opacity": 1.0,
                                "Self Illumination": 0.0,
                                "Textures": {}
                            }
                        }
                    },
                    "Mesh_002": {
                        "Materials": {
                            "Material_Pbr": {
                                "Material Type": "Pbr",
                                "MultiUV Index": 0,
                                "Two Side": true,
                                "Diffuse Color": [
                                    204.1060791015625,
                                    187.57672119140626,
                                    79.92745971679688
                                ],
                                "Ambient Color": [
                                    12.973380088806153,
                                    12.973380088806153,
                                    12.973380088806153
                                ],
                                "Specular Color": [
                                    204.1060791015625,
                                    187.57672119140626,
                                    79.92745971679688
                                ],
                                "Opacity": 1.0,
                                "Self Illumination": 0.0,
                                "Textures": {}
                            }
                        }
                    },
                    "Mesh_003": {
                        "Materials": {
                            "Material_Pbr": {
                                "Material Type": "Pbr",
                                "MultiUV Index": 0,
                                "Two Side": true,
                                "Diffuse Color": [
                                    204.1060791015625,
                                    187.57672119140626,
                                    79.92745971679688
                                ],
                                "Ambient Color": [
                                    12.973380088806153,
                                    12.973380088806153,
                                    12.973380088806153
                                ],
                                "Specular Color": [
                                    204.1060791015625,
                                    187.57672119140626,
                                    79.92745971679688
                                ],
                                "Opacity": 1.0,
                                "Self Illumination": 0.0,
                                "Textures": {}
                            }
                        }
                    },
                    "Mesh_004": {
                        "Materials": {
                            "Material_001_Pbr": {
                                "Material Type": "Pbr",
                                "MultiUV Index": 0,
                                "Two Side": true,
                                "Diffuse Color": [
                                    11.521920204162598,
                                    11.521920204162598,
                                    11.521920204162598
                                ],
                                "Ambient Color": [
                                    12.973380088806153,
                                    12.973380088806153,
                                    12.973380088806153
                                ],
                                "Specular Color": [
                                    11.521920204162598,
                                    11.521920204162598,
                                    11.521920204162598
                                ],
                                "Opacity": 1.0,
                                "Self Illumination": 0.0,
                                "Textures": {}
                            }
                        }
                    },